order_id,order_date,expected_delivery_date,actual_delivery_date,distance_km,traffic_level,weather,warehouse_delay,vehicle_type,delivery_delay_days,delayed,order_month,root_cause,delay_risk_score,ml_explanation
1001,2023-04-13,2023-04-17,2023-04-20,100.2,Low,Rain,Yes,Truck,3,1,4,Weather Disruption,0.9604149060966916,"Adverse weather conditions, Warehouse processing delay"
1002,2023-12-15,2023-12-20,2023-12-25,3.8,Medium,Rain,Yes,Bike,5,1,12,Weather Disruption,0.9695890444995008,"Adverse weather conditions, Warehouse processing delay"
1003,2023-09-28,2023-09-30,2023-10-01,407.9,Low,Storm,No,Truck,1,1,9,Weather Disruption,0.868490846337523,"Adverse weather conditions, Long delivery distance"
1004,2023-04-17,2023-04-22,2023-04-24,353.7,Medium,Clear,Yes,Truck,2,1,4,Warehouse Processing Delay,0.841044669345902,"Warehouse processing delay, Long delivery distance"
1005,2023-03-13,2023-03-16,2023-03-14,364.8,Low,Clear,No,Truck,-2,0,3,On-Time,0.32294003752560824,Long delivery distance
1006,2023-07-08,2023-07-11,2023-07-14,385.9,Medium,Rain,No,Bike,3,1,7,Weather Disruption,0.7348342998613634,"Adverse weather conditions, Long delivery distance"
1007,2023-01-21,2023-01-25,2023-02-01,37.9,Medium,Rain,Yes,Bike,7,1,1,Weather Disruption,0.9689522058441613,"Adverse weather conditions, Warehouse processing delay"
1008,2023-04-13,2023-04-16,2023-04-19,179.9,High,Rain,No,Truck,3,1,4,Traffic Congestion,0.958197774090935,"High traffic conditions, Adverse weather conditions"
1009,2023-05-02,2023-05-04,2023-05-04,58.8,Low,Rain,No,Bike,0,0,5,On-Time,0.7365721854877317,Adverse weather conditions
1010,2023-08-03,2023-08-05,2023-08-09,431.7,Medium,Rain,Yes,Truck,4,1,8,Weather Disruption,0.9599678171962679,"Adverse weather conditions, Warehouse processing delay, Long delivery distance"
1011,2023-11-27,2023-11-28,2023-11-26,312.0,Low,Clear,No,Truck,-2,0,11,On-Time,0.33022098166917896,Long delivery distance
1012,2023-03-29,2023-03-31,2023-03-31,166.1,High,Clear,No,Van,0,0,3,On-Time,0.8587187614654612,High traffic conditions
1013,2023-04-10,2023-04-13,2023-04-14,32.7,High,Clear,No,Bike,1,1,4,Traffic Congestion,0.8430165517968704,High traffic conditions
1014,2023-12-26,2023-12-27,2023-12-26,156.2,Low,Clear,No,Van,-1,0,12,On-Time,0.40481084681490753,No strong risk factors detected
1015,2023-06-01,2023-06-04,2023-06-04,163.3,Medium,Clear,No,Truck,0,0,6,On-Time,0.3970479631305639,No strong risk factors detected
1016,2023-05-11,2023-05-13,2023-05-13,365.1,High,Clear,No,Bike,0,0,5,On-Time,0.8134249357528207,"High traffic conditions, Long delivery distance"
1017,2023-05-30,2023-06-02,2023-06-05,319.1,Medium,Clear,Yes,Van,3,1,5,Warehouse Processing Delay,0.8712157810944288,"Warehouse processing delay, Long delivery distance"
1018,2023-11-05,2023-11-07,2023-11-07,443.7,Medium,Clear,No,Truck,0,0,11,On-Time,0.3558090459402242,Long delivery distance
1019,2023-09-15,2023-09-17,2023-09-16,236.6,Low,Clear,No,Truck,-1,0,9,On-Time,0.34076041916708477,No strong risk factors detected
1020,2023-12-10,2023-12-13,2023-12-11,60.7,Low,Clear,No,Bike,-2,0,12,On-Time,0.369801915045853,No strong risk factors detected
1021,2023-10-21,2023-10-24,2023-10-25,356.9,High,Clear,No,Truck,1,1,10,Traffic Congestion,0.811688072787181,"High traffic conditions, Long delivery distance"
1022,2023-07-11,2023-07-13,2023-07-16,380.6,High,Rain,No,Van,3,1,7,Traffic Congestion,0.9619584869430812,"High traffic conditions, Adverse weather conditions, Long delivery distance"
1023,2023-10-04,2023-10-05,2023-10-05,281.1,Medium,Clear,No,Bike,0,0,10,On-Time,0.38340988478054966,No strong risk factors detected
1024,2023-06-10,2023-06-11,2023-06-11,385.7,Medium,Clear,No,Van,0,0,6,On-Time,0.4174625737199061,Long delivery distance
1025,2023-11-10,2023-11-14,2023-11-13,247.4,Medium,Clear,No,Van,-1,0,11,On-Time,0.4386901566299409,No strong risk factors detected
1026,2023-01-22,2023-01-23,2023-01-26,261.8,Medium,Rain,No,Van,3,1,1,Weather Disruption,0.7866071649920405,Adverse weather conditions
1027,2023-09-10,2023-09-15,2023-09-16,214.3,High,Clear,No,Bike,1,1,9,Traffic Congestion,0.8273521973057248,High traffic conditions
1028,2023-08-24,2023-08-26,2023-08-29,13.7,High,Rain,No,Truck,3,1,8,Traffic Congestion,0.9621783347675591,"High traffic conditions, Adverse weather conditions"
1029,2023-12-11,2023-12-15,2023-12-15,54.8,Medium,Clear,No,Truck,0,0,12,On-Time,0.41344369204739184,No strong risk factors detected
1030,2023-02-18,2023-02-22,2023-02-24,16.7,Medium,Clear,Yes,Bike,2,1,2,Warehouse Processing Delay,0.8691970045940103,Warehouse processing delay
1031,2023-02-28,2023-03-03,2023-03-02,318.6,Low,Clear,No,Truck,-1,0,2,On-Time,0.3293063087695441,Long delivery distance
1032,2023-06-19,2023-06-20,2023-06-20,157.9,Low,Clear,No,Van,0,0,6,On-Time,0.40455404192245764,No strong risk factors detected
1033,2023-07-07,2023-07-11,2023-07-14,254.8,High,Rain,No,Truck,3,1,7,Traffic Congestion,0.9562755950737387,"High traffic conditions, Adverse weather conditions"
1034,2023-09-28,2023-09-29,2023-09-30,453.9,Medium,Rain,No,Truck,1,1,9,Weather Disruption,0.7231431162371977,"Adverse weather conditions, Long delivery distance"
1035,2023-07-09,2023-07-14,2023-07-19,125.4,Low,Storm,No,Bike,5,1,7,Weather Disruption,0.8890785334728156,Adverse weather conditions
1036,2023-06-24,2023-06-28,2023-06-27,205.8,Low,Clear,No,Truck,-1,0,6,On-Time,0.3451121155269797,No strong risk factors detected
1037,2023-02-20,2023-02-21,2023-02-24,378.0,Medium,Clear,Yes,Truck,3,1,2,Warehouse Processing Delay,0.8389970651990553,"Warehouse processing delay, Long delivery distance"
1038,2023-12-30,2023-12-31,2024-01-01,115.2,Low,Rain,No,Truck,1,1,12,Weather Disruption,0.7263769736678827,Adverse weather conditions
1039,2023-02-24,2023-02-26,2023-02-26,39.4,Low,Clear,Yes,Van,0,0,2,On-Time,0.868865829913034,Warehouse processing delay
1040,2023-09-01,2023-09-05,2023-09-05,145.6,Medium,Clear,No,Van,0,0,9,On-Time,0.4544646205811945,No strong risk factors detected
1041,2023-11-16,2023-11-17,2023-11-17,81.4,Medium,Clear,No,Bike,0,0,11,On-Time,0.413411251049796,No strong risk factors detected
1042,2023-05-11,2023-05-16,2023-05-16,464.9,Medium,Clear,No,Truck,0,0,5,On-Time,0.35276801542955827,Long delivery distance
1043,2023-11-03,2023-11-08,2023-11-11,404.3,Low,Storm,No,Truck,3,1,11,Weather Disruption,0.8687484510339099,"Adverse weather conditions, Long delivery distance"
1044,2023-05-15,2023-05-17,2023-05-20,317.1,Medium,Rain,No,Bike,3,1,5,Weather Disruption,0.7431546628405158,"Adverse weather conditions, Long delivery distance"
1045,2023-01-21,2023-01-23,2023-01-25,435.9,Low,Rain,No,Bike,2,1,1,Weather Disruption,0.6882119462136836,"Adverse weather conditions, Long delivery distance"
1046,2023-11-25,2023-11-27,2023-11-27,402.0,Medium,Clear,No,Van,0,0,11,On-Time,0.41497915286311154,Long delivery distance
1047,2023-06-16,2023-06-17,2023-06-16,94.1,Medium,Clear,No,Van,-1,0,6,On-Time,0.46248182283225425,No strong risk factors detected
1048,2023-10-01,2023-10-04,2023-10-04,446.4,Medium,Clear,No,Truck,0,0,10,On-Time,0.35542109162038904,Long delivery distance
1049,2023-03-30,2023-04-03,2023-04-04,270.1,High,Clear,No,Bike,1,1,3,Traffic Congestion,0.8222970348184462,High traffic conditions
1050,2023-11-12,2023-11-15,2023-11-15,403.9,Medium,Clear,No,Truck,0,0,11,On-Time,0.36154953617171487,Long delivery distance
1051,2023-01-14,2023-01-17,2023-01-19,448.1,Medium,Rain,No,Van,2,1,1,Weather Disruption,0.7663433734102512,"Adverse weather conditions, Long delivery distance"
1052,2023-08-30,2023-09-03,2023-09-07,159.7,Low,Rain,Yes,Truck,4,1,8,Weather Disruption,0.9589718856528319,"Adverse weather conditions, Warehouse processing delay"
1053,2023-09-22,2023-09-26,2023-09-26,55.9,Medium,Clear,No,Van,0,0,9,On-Time,0.4684413553338383,No strong risk factors detected
1054,2023-12-12,2023-12-17,2023-12-22,114.7,Low,Storm,Yes,Truck,5,1,12,Weather Disruption,0.9862750037654477,"Adverse weather conditions, Warehouse processing delay"
1055,2023-02-22,2023-02-26,2023-02-26,214.1,Low,Rain,No,Van,0,0,2,On-Time,0.7573744648753113,Adverse weather conditions
1056,2023-12-06,2023-12-08,2023-12-10,409.2,High,Clear,No,Van,2,1,12,Traffic Congestion,0.8391958455028203,"High traffic conditions, Long delivery distance"
1057,2023-04-02,2023-04-05,2023-04-07,430.5,Medium,Rain,No,Van,2,1,4,Weather Disruption,0.7683136466349215,"Adverse weather conditions, Long delivery distance"
1058,2023-09-21,2023-09-22,2023-09-22,4.5,High,Clear,No,Bike,0,0,9,On-Time,0.8453424621202942,High traffic conditions
1059,2023-02-04,2023-02-06,2023-02-09,255.9,Medium,Clear,Yes,Truck,3,1,2,Warehouse Processing Delay,0.8490725666812127,Warehouse processing delay
1060,2023-07-25,2023-07-28,2023-07-29,209.3,Medium,Clear,Yes,Truck,1,1,7,Warehouse Processing Delay,0.8527789673314659,Warehouse processing delay
1061,2023-03-22,2023-03-27,2023-03-29,111.8,Medium,Rain,No,Truck,2,1,3,Weather Disruption,0.7639781658980088,Adverse weather conditions
1062,2023-02-19,2023-02-22,2023-02-22,60.8,Medium,Clear,No,Truck,0,0,2,On-Time,0.4125316250416531,No strong risk factors detected
1063,2023-12-26,2023-12-27,2023-12-29,169.5,Medium,Clear,Yes,Van,2,1,12,Warehouse Processing Delay,0.8813791622290356,Warehouse processing delay
1064,2023-01-02,2023-01-06,2023-01-08,471.5,Low,Clear,Yes,Truck,2,1,1,Warehouse Processing Delay,0.8015470635262044,"Warehouse processing delay, Long delivery distance"
1065,2023-02-23,2023-02-25,2023-02-25,162.3,Medium,Clear,No,Truck,0,0,2,On-Time,0.3971980853893291,No strong risk factors detected
1066,2023-04-16,2023-04-20,2023-04-24,259.9,Low,Rain,Yes,Truck,4,1,4,Weather Disruption,0.9564273582221664,"Adverse weather conditions, Warehouse processing delay"
1067,2023-09-17,2023-09-22,2023-09-22,351.8,Low,Rain,No,Van,0,0,9,On-Time,0.7411579872345063,"Adverse weather conditions, Long delivery distance"
1068,2023-11-06,2023-11-11,2023-11-11,182.5,Medium,Clear,No,Van,0,0,11,On-Time,0.44873449658840836,No strong risk factors detected
1069,2023-07-10,2023-07-13,2023-07-14,485.9,Low,Clear,Yes,Van,1,1,7,Warehouse Processing Delay,0.8335497447226273,"Warehouse processing delay, Long delivery distance"
1070,2023-08-06,2023-08-11,2023-08-14,481.3,High,Clear,Yes,Truck,3,1,8,Traffic Congestion,0.9730434578616701,"High traffic conditions, Warehouse processing delay, Long delivery distance"
1071,2023-02-13,2023-02-15,2023-02-15,126.6,High,Clear,No,Van,0,0,2,On-Time,0.8616970058445683,High traffic conditions
1072,2023-06-11,2023-06-16,2023-06-17,249.1,High,Clear,No,Bike,1,1,6,Traffic Congestion,0.824213004197272,High traffic conditions
1073,2023-07-21,2023-07-22,2023-07-22,151.1,Medium,Clear,No,Van,0,0,7,On-Time,0.4536097342098491,No strong risk factors detected
1074,2023-09-27,2023-10-01,2023-10-01,143.1,Low,Clear,No,Van,0,0,9,On-Time,0.40679149361356454,No strong risk factors detected
1075,2023-12-17,2023-12-22,2023-12-25,19.4,High,Rain,No,Bike,3,1,12,Traffic Congestion,0.9626475541462639,"High traffic conditions, Adverse weather conditions"
1076,2023-10-31,2023-11-02,2023-11-04,305.2,Medium,Rain,No,Van,2,1,10,Weather Disruption,0.7820036204751256,"Adverse weather conditions, Long delivery distance"
1077,2023-09-28,2023-09-29,2023-09-30,251.8,High,Clear,No,Van,1,1,9,Traffic Congestion,0.8520728518224737,High traffic conditions
1078,2023-08-03,2023-08-04,2023-08-05,26.7,High,Clear,No,Bike,1,1,8,Traffic Congestion,0.843513798529848,High traffic conditions
1079,2023-09-09,2023-09-14,2023-09-18,140.0,High,Rain,Yes,Van,4,1,9,Traffic Congestion,0.9962578552378323,"High traffic conditions, Adverse weather conditions, Warehouse processing delay"
1080,2023-07-09,2023-07-10,2023-07-08,454.2,Low,Clear,No,Truck,-2,0,7,On-Time,0.31080682018649286,Long delivery distance
1081,2023-10-23,2023-10-26,2023-10-28,120.5,Medium,Rain,No,Truck,2,1,10,Weather Disruption,0.7629930927322686,Adverse weather conditions
1082,2023-08-01,2023-08-02,2023-08-03,73.3,High,Rain,No,Bike,1,1,8,Traffic Congestion,0.9614131174889436,"High traffic conditions, Adverse weather conditions"
1083,2023-07-27,2023-07-28,2023-07-28,245.2,Medium,Clear,No,Van,0,0,7,On-Time,0.43902986889034545,No strong risk factors detected
1084,2023-08-25,2023-08-29,2023-08-31,492.8,Low,Clear,Yes,Truck,2,1,8,Warehouse Processing Delay,0.7994140008244361,"Warehouse processing delay, Long delivery distance"
1085,2023-12-04,2023-12-06,2023-12-08,121.8,Medium,Rain,No,Van,2,1,12,Weather Disruption,0.8009717676135644,Adverse weather conditions
1086,2023-02-22,2023-02-25,2023-02-28,336.4,High,Clear,Yes,Van,3,1,2,Traffic Congestion,0.9801809668435091,"High traffic conditions, Warehouse processing delay, Long delivery distance"
1087,2023-10-07,2023-10-08,2023-10-08,381.0,Medium,Clear,No,Bike,0,0,10,On-Time,0.3687133319364721,Long delivery distance
1088,2023-08-05,2023-08-06,2023-08-10,119.6,Medium,Storm,Yes,Van,4,1,8,Weather Disruption,0.9909135562693638,"Adverse weather conditions, Warehouse processing delay"
1089,2023-09-09,2023-09-11,2023-09-12,364.4,Low,Clear,Yes,Truck,1,1,9,Warehouse Processing Delay,0.8120135424120671,"Warehouse processing delay, Long delivery distance"
1090,2023-07-07,2023-07-08,2023-07-09,184.5,Medium,Clear,Yes,Van,1,1,7,Warehouse Processing Delay,0.8803922835082324,Warehouse processing delay
1091,2023-02-10,2023-02-14,2023-02-15,316.5,High,Rain,No,Van,1,1,2,Traffic Congestion,0.963402317677234,"High traffic conditions, Adverse weather conditions, Long delivery distance"
1092,2023-06-06,2023-06-07,2023-06-06,317.1,Low,Clear,No,Van,-1,0,6,On-Time,0.38075398566322766,Long delivery distance
1093,2023-01-15,2023-01-18,2023-01-18,268.4,Medium,Clear,No,Bike,0,0,1,On-Time,0.3852942107022304,No strong risk factors detected
1094,2023-10-28,2023-11-02,2023-11-05,46.1,High,Storm,No,Bike,3,1,10,Traffic Congestion,0.9869707413529099,"High traffic conditions, Adverse weather conditions"
1095,2023-03-06,2023-03-09,2023-03-09,417.8,Medium,Clear,No,Truck,0,0,3,On-Time,0.35954009799023134,Long delivery distance
1096,2023-12-11,2023-12-13,2023-12-17,161.1,Medium,Storm,No,Van,4,1,12,Weather Disruption,0.9214803339618712,Adverse weather conditions
1097,2023-11-23,2023-11-25,2023-11-30,94.1,Medium,Storm,No,Bike,5,1,11,Weather Disruption,0.908641101063761,Adverse weather conditions
1098,2023-01-09,2023-01-13,2023-01-13,21.3,Medium,Clear,No,Van,0,0,1,On-Time,0.47384708407702725,No strong risk factors detected
1099,2023-12-10,2023-12-13,2023-12-13,295.9,Low,Clear,No,Van,0,0,12,On-Time,0.3838931744316836,No strong risk factors detected
1100,2023-05-09,2023-05-11,2023-05-16,339.1,High,Clear,Yes,Truck,5,1,5,Traffic Congestion,0.9752861478303755,"High traffic conditions, Warehouse processing delay, Long delivery distance"
1001,2023-04-13,2023-04-17,2023-04-18,317.54,Low,Rain,Yes,Van,1,1,4,Weather Disruption,0.9636196397002152,"Adverse weather conditions, Warehouse processing delay, Long delivery distance"
1002,2023-12-15,2023-12-18,2023-12-20,340.67,Low,Clear,Yes,Truck,2,1,12,Warehouse Processing Delay,0.8142743277736879,"Warehouse processing delay, Long delivery distance"
1003,2023-09-28,2023-10-01,2023-10-03,265.94,High,Storm,No,Truck,2,1,9,Traffic Congestion,0.9848285221945094,"High traffic conditions, Adverse weather conditions"
1004,2023-04-17,2023-04-18,2023-04-20,224.44,Low,Rain,No,Van,2,1,4,Weather Disruption,0.7561810737066426,Adverse weather conditions
1005,2023-03-13,2023-03-16,2023-03-20,276.89,High,Rain,Yes,Truck,4,1,3,Traffic Congestion,0.9949054583045499,"High traffic conditions, Adverse weather conditions, Warehouse processing delay"
1006,2023-07-08,2023-07-11,2023-07-11,296.76,Medium,Rain,Yes,Van,0,0,7,On-Time,0.9702828278756992,"Adverse weather conditions, Warehouse processing delay"
1007,2023-01-21,2023-01-22,2023-01-22,41.35,Low,Clear,No,Bike,0,0,1,On-Time,0.3726339577521312,No strong risk factors detected
1008,2023-04-13,2023-04-16,2023-04-17,185.46,Medium,Clear,No,Truck,1,1,4,Operational Issues,0.39372627373124347,No strong risk factors detected
1009,2023-05-02,2023-05-07,2023-05-10,121.84,High,Clear,Yes,Truck,3,1,5,Traffic Congestion,0.9783655514793409,"High traffic conditions, Warehouse processing delay"
1010,2023-08-03,2023-08-05,2023-08-06,401.77,Medium,Clear,Yes,Van,1,1,8,Warehouse Processing Delay,0.8652869790175273,"Warehouse processing delay, Long delivery distance"
1011,2023-11-27,2023-11-29,2023-12-02,235.68,Medium,Clear,Yes,Truck,3,1,11,Warehouse Processing Delay,0.8506901320488013,Warehouse processing delay
1012,2023-03-29,2023-03-30,2023-04-03,491.73,High,Storm,No,Truck,4,1,3,Traffic Congestion,0.9825613237847272,"High traffic conditions, Adverse weather conditions, Long delivery distance"
1013,2023-04-10,2023-04-14,2023-04-15,200.01,Medium,Storm,No,Truck,1,1,4,Weather Disruption,0.9015174432089391,Adverse weather conditions
1014,2023-12-26,2023-12-27,2023-12-27,408.4,Medium,Clear,No,Truck,0,0,12,On-Time,0.36089846428622574,Long delivery distance
1015,2023-06-01,2023-06-05,2023-06-10,399.37,High,Rain,Yes,Truck,5,1,6,Traffic Congestion,0.9945010218327591,"High traffic conditions, Adverse weather conditions, Warehouse processing delay, Long delivery distance"
1016,2023-05-11,2023-05-13,2023-05-14,76.21,Medium,Clear,Yes,Van,1,1,5,Warehouse Processing Delay,0.8873597906383224,Warehouse processing delay
1017,2023-05-30,2023-05-31,2023-06-03,254.59,High,Storm,No,Truck,3,1,5,Traffic Congestion,0.9849344909751437,"High traffic conditions, Adverse weather conditions"
1018,2023-11-05,2023-11-10,2023-11-14,348.21,Medium,Storm,No,Van,4,1,11,Weather Disruption,0.9125605530003551,"Adverse weather conditions, Long delivery distance"
1019,2023-09-15,2023-09-18,2023-09-24,429.32,High,Rain,Yes,Truck,6,1,9,Traffic Congestion,0.9943973610577698,"High traffic conditions, Adverse weather conditions, Warehouse processing delay, Long delivery distance"
1020,2023-12-10,2023-12-14,2023-12-18,163.65,High,Storm,No,Van,4,1,12,Traffic Congestion,0.9885836208459708,"High traffic conditions, Adverse weather conditions"
1021,2023-10-21,2023-10-24,2023-10-24,110.9,Medium,Clear,No,Van,0,0,10,On-Time,0.4598641654024905,No strong risk factors detected
1022,2023-07-11,2023-07-14,2023-07-15,355.86,Medium,Rain,Yes,Truck,1,1,7,Weather Disruption,0.9617558620358587,"Adverse weather conditions, Warehouse processing delay, Long delivery distance"
1023,2023-10-04,2023-10-05,2023-10-05,404.94,Medium,Clear,No,Truck,0,0,10,On-Time,0.3613990209372272,Long delivery distance
1024,2023-06-10,2023-06-13,2023-06-15,174.98,Low,Clear,Yes,Truck,2,1,6,Warehouse Processing Delay,0.8294762560723034,Warehouse processing delay
1025,2023-11-10,2023-11-15,2023-11-17,48.99,Low,Rain,Yes,Van,2,1,11,Weather Disruption,0.9690834068500856,"Adverse weather conditions, Warehouse processing delay"
1026,2023-01-22,2023-01-25,2023-01-27,470.32,Low,Clear,Yes,Truck,2,1,1,Warehouse Processing Delay,0.8016647327765289,"Warehouse processing delay, Long delivery distance"
1027,2023-09-10,2023-09-11,2023-09-15,199.39,High,Storm,Yes,Truck,4,1,9,Traffic Congestion,0.9983706914540001,"High traffic conditions, Adverse weather conditions, Warehouse processing delay"
1028,2023-08-24,2023-08-29,2023-08-29,259.36,Medium,Clear,Yes,Truck,0,0,8,On-Time,0.8487943332701087,Warehouse processing delay
1029,2023-12-11,2023-12-13,2023-12-16,419.02,High,Rain,Yes,Van,3,1,12,Traffic Congestion,0.9955455712745934,"High traffic conditions, Adverse weather conditions, Warehouse processing delay, Long delivery distance"
1030,2023-02-18,2023-02-21,2023-02-24,338.17,Low,Rain,Yes,Truck,3,1,2,Weather Disruption,0.9543356436033005,"Adverse weather conditions, Warehouse processing delay, Long delivery distance"
1031,2023-02-28,2023-03-01,2023-03-02,367.87,Medium,Rain,No,Truck,1,1,2,Weather Disruption,0.7338120329062557,"Adverse weather conditions, Long delivery distance"
1032,2023-06-19,2023-06-21,2023-06-24,105.33,High,Clear,Yes,Bike,3,1,6,Traffic Congestion,0.9789276125467031,"High traffic conditions, Warehouse processing delay"
1033,2023-07-07,2023-07-09,2023-07-11,271.18,Medium,Rain,Yes,Truck,2,1,7,Weather Disruption,0.9636616857979237,"Adverse weather conditions, Warehouse processing delay"
1034,2023-09-28,2023-10-02,2023-10-03,348.2,High,Rain,No,Truck,1,1,9,Traffic Congestion,0.9537603479033436,"High traffic conditions, Adverse weather conditions, Long delivery distance"
1035,2023-07-09,2023-07-14,2023-07-15,115.05,Medium,Clear,No,Truck,1,1,7,Operational Issues,0.404312969310643,No strong risk factors detected
1036,2023-06-24,2023-06-27,2023-06-28,88.3,Low,Storm,No,Truck,1,1,6,Weather Disruption,0.8897392830224817,Adverse weather conditions
1037,2023-02-20,2023-02-21,2023-02-23,491.1,Low,Clear,Yes,Truck,2,1,2,Warehouse Processing Delay,0.7995848740379121,"Warehouse processing delay, Long delivery distance"
1038,2023-12-30,2024-01-03,2024-01-04,258.8,Medium,Rain,No,Truck,1,1,12,Weather Disruption,0.7469556123123396,Adverse weather conditions
1039,2023-02-24,2023-03-01,2023-03-06,131.15,High,Rain,Yes,Bike,5,1,2,Traffic Congestion,0.9954242906334692,"High traffic conditions, Adverse weather conditions, Warehouse processing delay"
1040,2023-09-01,2023-09-05,2023-09-06,498.13,Low,Clear,Yes,Truck,1,1,9,Warehouse Processing Delay,0.7988775557001017,"Warehouse processing delay, Long delivery distance"
1041,2023-11-16,2023-11-21,2023-11-24,482.74,Low,Storm,Yes,Truck,3,1,11,Weather Disruption,0.9827737202616593,"Adverse weather conditions, Warehouse processing delay, Long delivery distance"
1042,2023-05-11,2023-05-16,2023-05-20,279.59,Low,Rain,Yes,Van,4,1,5,Weather Disruption,0.9644447090630327,"Adverse weather conditions, Warehouse processing delay"
1043,2023-11-03,2023-11-06,2023-11-06,441.44,Medium,Rain,No,Truck,0,0,11,On-Time,0.7247045740899327,"Adverse weather conditions, Long delivery distance"
1044,2023-05-15,2023-05-20,2023-05-20,95.16,Medium,Rain,No,Bike,0,0,5,On-Time,0.7688082405316448,Adverse weather conditions
1045,2023-01-21,2023-01-25,2023-01-26,140.16,High,Clear,Yes,Van,1,1,1,Traffic Congestion,0.9824353069865427,"High traffic conditions, Warehouse processing delay"
1046,2023-11-25,2023-11-30,2023-12-04,350.48,High,Rain,Yes,Van,4,1,11,Traffic Congestion,0.9957321538461621,"High traffic conditions, Adverse weather conditions, Warehouse processing delay, Long delivery distance"
1047,2023-06-16,2023-06-19,2023-06-25,423.48,High,Storm,Yes,Van,6,1,6,Traffic Congestion,0.9985010513764608,"High traffic conditions, Adverse weather conditions, Warehouse processing delay, Long delivery distance"
1048,2023-10-01,2023-10-04,2023-10-04,428.31,Medium,Rain,No,Truck,0,0,10,On-Time,0.7263440721565613,"Adverse weather conditions, Long delivery distance"
1049,2023-03-30,2023-04-03,2023-04-07,202.85,Medium,Rain,Yes,Truck,4,1,3,Weather Disruption,0.9651325886641253,"Adverse weather conditions, Warehouse processing delay"
1050,2023-11-12,2023-11-14,2023-11-18,444.0,High,Storm,Yes,Truck,4,1,11,Traffic Congestion,0.9981011194231949,"High traffic conditions, Adverse weather conditions, Warehouse processing delay, Long delivery distance"
1051,2023-01-14,2023-01-16,2023-01-19,425.61,High,Rain,No,Truck,3,1,1,Traffic Congestion,0.9515719450764557,"High traffic conditions, Adverse weather conditions, Long delivery distance"
1052,2023-08-30,2023-09-04,2023-09-04,467.88,Medium,Clear,No,Truck,0,0,8,On-Time,0.3523414976141183,Long delivery distance
1053,2023-09-22,2023-09-23,2023-09-26,392.88,High,Clear,Yes,Truck,3,1,9,Traffic Congestion,0.9744601862099005,"High traffic conditions, Warehouse processing delay, Long delivery distance"
1054,2023-12-12,2023-12-17,2023-12-17,334.83,Low,Clear,No,Van,0,0,12,On-Time,0.37813623719328776,Long delivery distance
1055,2023-02-22,2023-02-26,2023-02-28,290.76,Medium,Storm,No,Truck,2,1,2,Weather Disruption,0.8963486489347761,Adverse weather conditions
1056,2023-12-06,2023-12-10,2023-12-14,186.77,High,Rain,Yes,Van,4,1,12,Traffic Congestion,0.9961469156913626,"High traffic conditions, Adverse weather conditions, Warehouse processing delay"
1057,2023-04-02,2023-04-06,2023-04-07,470.13,Medium,Clear,No,Truck,1,1,4,Long Distance,0.35201961821706107,Long delivery distance
1058,2023-09-21,2023-09-25,2023-09-30,486.86,Low,Storm,Yes,Van,5,1,9,Weather Disruption,0.9861482329976703,"Adverse weather conditions, Warehouse processing delay, Long delivery distance"
1059,2023-02-04,2023-02-08,2023-02-09,142.68,Medium,Rain,No,Van,1,1,2,Weather Disruption,0.7988763905159699,Adverse weather conditions
1060,2023-07-25,2023-07-28,2023-08-03,153.38,Medium,Storm,Yes,Van,6,1,7,Weather Disruption,0.9907208464789886,"Adverse weather conditions, Warehouse processing delay"
1061,2023-03-22,2023-03-24,2023-03-26,243.32,Medium,Clear,Yes,Van,2,1,3,Warehouse Processing Delay,0.8764537185694585,Warehouse processing delay
1062,2023-02-19,2023-02-23,2023-02-23,224.76,Medium,Clear,Yes,Van,0,0,2,On-Time,0.877708374272342,Warehouse processing delay
1063,2023-12-26,2023-12-27,2023-12-27,497.23,Low,Clear,No,Truck,0,0,12,On-Time,0.30505696799005527,Long delivery distance
1064,2023-01-02,2023-01-03,2023-01-06,88.79,Medium,Storm,Yes,Van,3,1,1,Weather Disruption,0.9910858620911159,"Adverse weather conditions, Warehouse processing delay"
1065,2023-02-23,2023-02-24,2023-02-28,10.02,Medium,Storm,No,Bike,4,1,2,Weather Disruption,0.9129243344394863,Adverse weather conditions
1066,2023-04-16,2023-04-17,2023-04-19,247.45,High,Clear,Yes,Van,2,1,4,Traffic Congestion,0.9812359320979747,"High traffic conditions, Warehouse processing delay"
1067,2023-09-17,2023-09-20,2023-09-25,90.23,Medium,Storm,Yes,Van,5,1,9,Weather Disruption,0.9910778814636796,"Adverse weather conditions, Warehouse processing delay"
1068,2023-11-06,2023-11-07,2023-11-08,183.87,High,Clear,No,Van,1,1,11,Traffic Congestion,0.8573615452532549,High traffic conditions
1069,2023-07-10,2023-07-14,2023-07-15,372.34,Low,Clear,Yes,Truck,1,1,7,Warehouse Processing Delay,0.8112523824603128,"Warehouse processing delay, Long delivery distance"
1070,2023-08-06,2023-08-11,2023-08-14,360.75,Low,Rain,Yes,Van,3,1,8,Weather Disruption,0.9626577811249392,"Adverse weather conditions, Warehouse processing delay, Long delivery distance"
1071,2023-02-13,2023-02-14,2023-02-16,154.72,Low,Storm,No,Van,2,1,2,Weather Disruption,0.9064014661621065,Adverse weather conditions
1072,2023-06-11,2023-06-14,2023-06-16,271.73,Low,Clear,Yes,Van,2,1,6,Warehouse Processing Delay,0.8513575999343483,Warehouse processing delay
1073,2023-07-21,2023-07-24,2023-07-28,254.9,High,Clear,Yes,Truck,4,1,7,Traffic Congestion,0.9765272687913837,"High traffic conditions, Warehouse processing delay"
1074,2023-09-27,2023-09-28,2023-10-01,318.53,Medium,Storm,Yes,Truck,3,1,9,Weather Disruption,0.9871702179202508,"Adverse weather conditions, Warehouse processing delay, Long delivery distance"
1075,2023-12-17,2023-12-22,2023-12-25,125.98,Low,Rain,Yes,Van,3,1,12,Weather Disruption,0.967603821951558,"Adverse weather conditions, Warehouse processing delay"
1076,2023-10-31,2023-11-01,2023-11-02,295.35,Medium,Rain,No,Truck,1,1,10,Weather Disruption,0.7425993293644018,Adverse weather conditions
1077,2023-09-28,2023-10-01,2023-10-04,489.47,High,Clear,No,Van,3,1,9,Traffic Congestion,0.8322872399213816,"High traffic conditions, Long delivery distance"
1078,2023-08-03,2023-08-05,2023-08-11,243.88,High,Storm,Yes,Truck,6,1,8,Traffic Congestion,0.9983246763230164,"High traffic conditions, Adverse weather conditions, Warehouse processing delay"
1079,2023-09-09,2023-09-13,2023-09-16,453.14,High,Rain,No,Truck,3,1,9,Traffic Congestion,0.9507702227436055,"High traffic conditions, Adverse weather conditions, Long delivery distance"
1080,2023-07-09,2023-07-12,2023-07-15,217.76,Low,Storm,Yes,Van,3,1,7,Weather Disruption,0.9882737384271576,"Adverse weather conditions, Warehouse processing delay"
1081,2023-10-23,2023-10-24,2023-10-26,175.69,Medium,Storm,No,Van,2,1,10,Weather Disruption,0.9208158478309822,Adverse weather conditions
1082,2023-08-01,2023-08-05,2023-08-07,322.91,Medium,Clear,Yes,Truck,2,1,8,Warehouse Processing Delay,0.8436087495522651,"Warehouse processing delay, Long delivery distance"
1083,2023-07-27,2023-07-28,2023-07-31,334.79,Medium,Rain,Yes,Truck,3,1,7,Weather Disruption,0.9622388517944712,"Adverse weather conditions, Warehouse processing delay, Long delivery distance"
1084,2023-08-25,2023-08-26,2023-08-29,432.22,High,Clear,Yes,Truck,3,1,8,Traffic Congestion,0.973839033926035,"High traffic conditions, Warehouse processing delay, Long delivery distance"
1085,2023-12-04,2023-12-06,2023-12-09,115.86,Low,Rain,Yes,Van,3,1,12,Weather Disruption,0.9678021458273248,"Adverse weather conditions, Warehouse processing delay"
1086,2023-02-22,2023-02-26,2023-03-03,250.1,High,Rain,Yes,Truck,5,1,2,Traffic Congestion,0.994989897725687,"High traffic conditions, Adverse weather conditions, Warehouse processing delay"
1087,2023-10-07,2023-10-11,2023-10-13,286.43,High,Rain,Yes,Truck,2,1,10,Traffic Congestion,0.9948750485464294,"High traffic conditions, Adverse weather conditions, Warehouse processing delay"
1088,2023-08-05,2023-08-07,2023-08-08,384.51,Medium,Rain,No,Truck,1,1,8,Weather Disruption,0.7317690029638794,"Adverse weather conditions, Long delivery distance"
1089,2023-09-09,2023-09-12,2023-09-15,22.76,High,Rain,Yes,Bike,3,1,9,Traffic Congestion,0.9957236570890449,"High traffic conditions, Adverse weather conditions, Warehouse processing delay"
1090,2023-07-07,2023-07-08,2023-07-11,497.28,Medium,Storm,No,Van,3,1,7,Weather Disruption,0.904808779620582,"Adverse weather conditions, Long delivery distance"
1091,2023-02-10,2023-02-15,2023-02-17,235.5,Low,Clear,Yes,Van,2,1,2,Warehouse Processing Delay,0.8542095577980997,Warehouse processing delay
1092,2023-06-06,2023-06-07,2023-06-08,140.5,Medium,Storm,No,Van,1,1,6,Weather Disruption,0.9224098546828688,Adverse weather conditions
1093,2023-01-15,2023-01-16,2023-01-17,441.86,Low,Rain,No,Van,1,1,1,Weather Disruption,0.7301778726685405,"Adverse weather conditions, Long delivery distance"
1094,2023-10-28,2023-10-31,2023-11-01,374.11,Medium,Clear,No,Van,1,1,10,Long Distance,0.41923095052898296,Long delivery distance
1095,2023-03-06,2023-03-07,2023-03-09,476.58,High,Rain,Yes,Truck,2,1,3,Traffic Congestion,0.9942298223265962,"High traffic conditions, Adverse weather conditions, Warehouse processing delay, Long delivery distance"
1096,2023-12-11,2023-12-13,2023-12-16,166.04,High,Clear,Yes,Van,3,1,12,Traffic Congestion,0.9821530765155683,"High traffic conditions, Warehouse processing delay"
1097,2023-11-23,2023-11-25,2023-11-26,276.83,Low,Storm,No,Truck,1,1,11,Weather Disruption,0.8775967172423168,Adverse weather conditions
1098,2023-01-09,2023-01-13,2023-01-15,286.57,Low,Clear,Yes,Truck,2,1,1,Warehouse Processing Delay,0.8193498948138906,Warehouse processing delay
1099,2023-12-10,2023-12-15,2023-12-14,490.19,Low,Clear,No,Truck,-1,0,12,On-Time,0.30599359639755513,Long delivery distance
1100,2023-05-09,2023-05-10,2023-05-11,38.6,Medium,Clear,Yes,Van,1,1,5,Warehouse Processing Delay,0.889695499115631,Warehouse processing delay
1001,2023-04-13,2023-04-17,2023-04-21,317.54132100598054,Medium,Clear,No,Van,4,1,4,Long Distance,0.42789108249617,Long delivery distance
1002,2023-12-15,2023-12-18,2023-12-20,340.6720203258286,Low,Clear,No,Truck,2,1,12,Long Distance,0.32625682721073074,Long delivery distance
1003,2023-09-28,2023-10-01,2023-09-29,265.93635707525107,Low,Rain,No,Truck,-2,0,9,On-Time,0.7071952752428324,Adverse weather conditions
1004,2023-04-17,2023-04-18,2023-04-20,224.44379912197272,Medium,Rain,No,Van,2,1,4,Weather Disruption,0.7905125710773815,Adverse weather conditions
1005,2023-03-13,2023-03-16,2023-03-19,276.8936514465926,Medium,Storm,No,Truck,3,1,3,Weather Disruption,0.8971536724955659,Adverse weather conditions
1006,2023-07-08,2023-07-11,2023-07-17,296.7556652158174,Medium,Storm,No,Truck,6,1,7,Weather Disruption,0.8959988425452704,Adverse weather conditions
1007,2023-01-21,2023-01-22,2023-01-26,41.345809840024906,High,Rain,No,Bike,4,1,1,Traffic Congestion,0.9621495922330824,"High traffic conditions, Adverse weather conditions"
1008,2023-04-13,2023-04-16,2023-04-19,185.45757357464083,High,Rain,No,Van,3,1,4,Traffic Congestion,0.9661916464518339,"High traffic conditions, Adverse weather conditions"
1009,2023-05-02,2023-05-07,2023-05-09,121.83780920043552,Low,Rain,No,Van,2,1,5,Weather Disruption,0.7678463330442274,Adverse weather conditions
1010,2023-08-03,2023-08-05,2023-08-05,401.766738433568,Low,Rain,No,Truck,0,0,8,On-Time,0.6892532723693919,"Adverse weather conditions, Long delivery distance"
1011,2023-11-27,2023-11-29,2023-11-28,235.6800165885732,Medium,Clear,No,Truck,-1,0,11,On-Time,0.3862351907330449,No strong risk factors detected
1012,2023-03-29,2023-03-30,2023-04-01,491.7281473065266,Medium,Clear,No,Truck,2,1,3,Long Distance,0.348936711069437,Long delivery distance
1013,2023-04-10,2023-04-14,2023-04-16,200.013396779832,Low,Rain,No,Truck,2,1,4,Weather Disruption,0.7156808336344648,Adverse weather conditions
1014,2023-12-26,2023-12-27,2024-01-01,408.3995047364726,Low,Rain,No,Truck,5,1,12,Weather Disruption,0.6883617899845927,"Adverse weather conditions, Long delivery distance"
1015,2023-06-01,2023-06-05,2023-06-08,399.374217367291,Medium,Rain,No,Truck,3,1,6,Weather Disruption,0.7299356234875511,"Adverse weather conditions, Long delivery distance"
1016,2023-05-11,2023-05-13,2023-05-17,76.2080544387493,High,Rain,No,Van,4,1,5,Traffic Congestion,0.9683592558486113,"High traffic conditions, Adverse weather conditions"
1017,2023-05-30,2023-05-31,2023-06-03,254.59118959361865,Low,Rain,Yes,Truck,3,1,5,Weather Disruption,0.956565872543375,"Adverse weather conditions, Warehouse processing delay"
1018,2023-11-05,2023-11-10,2023-11-14,348.21059058865006,Medium,Clear,No,Van,4,1,11,Long Distance,0.42319006866838427,Long delivery distance
1019,2023-09-15,2023-09-18,2023-09-16,429.3210436020462,Medium,Clear,No,Truck,-2,0,9,On-Time,0.35787829289447226,Long delivery distance
1020,2023-12-10,2023-12-14,2023-12-17,163.65349369574048,Low,Clear,No,Van,3,1,12,Operational Issues,0.40368529780081375,No strong risk factors detected
1021,2023-10-21,2023-10-24,2023-10-26,110.9002827352086,Medium,Clear,No,Van,2,1,10,Operational Issues,0.4598641213669045,No strong risk factors detected
1022,2023-07-11,2023-07-14,2023-07-16,355.8636166865709,Low,Clear,No,Truck,2,1,7,Long Distance,0.32416643740729145,Long delivery distance
1023,2023-10-04,2023-10-05,2023-10-11,404.941022023718,Medium,Rain,No,Van,6,1,10,Weather Disruption,0.7711541875975231,"Adverse weather conditions, Long delivery distance"
1024,2023-06-10,2023-06-13,2023-06-14,174.98432765857297,Low,Clear,Yes,Van,1,1,6,Warehouse Processing Delay,0.8588718871266773,Warehouse processing delay
1025,2023-11-10,2023-11-15,2023-11-18,48.99209899461896,Low,Rain,No,Bike,3,1,11,Weather Disruption,0.7377637336104012,Adverse weather conditions
1026,2023-01-22,2023-01-25,2023-01-27,470.3211089803124,Medium,Clear,No,Truck,2,1,1,Long Distance,0.3519922848302443,Long delivery distance
1027,2023-09-10,2023-09-11,2023-09-12,199.3884385226736,Low,Rain,No,Van,1,1,9,Weather Disruption,0.7590655455116029,Adverse weather conditions
1028,2023-08-24,2023-08-29,2023-08-29,259.3579239132126,Low,Clear,No,Truck,0,0,8,On-Time,0.33756208905851964,No strong risk factors detected
1029,2023-12-11,2023-12-13,2023-12-14,419.0173428477567,Medium,Clear,Yes,Truck,1,1,12,Warehouse Processing Delay,0.8354925168989388,"Warehouse processing delay, Long delivery distance"
1030,2023-02-18,2023-02-21,2023-02-22,338.1693684026011,Low,Clear,Yes,Van,1,1,2,Warehouse Processing Delay,0.8460081174280948,"Warehouse processing delay, Long delivery distance"
1031,2023-02-28,2023-03-01,2023-03-02,367.87284350114527,High,Rain,No,Bike,1,1,2,Traffic Congestion,0.9539456519314354,"High traffic conditions, Adverse weather conditions, Long delivery distance"
1032,2023-06-19,2023-06-21,2023-06-21,105.32673874811913,Low,Clear,No,Van,0,0,6,On-Time,0.4125193817762741,No strong risk factors detected
1033,2023-07-07,2023-07-09,2023-07-10,271.1825389399553,Medium,Storm,No,Van,1,1,7,Weather Disruption,0.916338488072177,Adverse weather conditions
1034,2023-09-28,2023-10-02,2023-09-29,348.196415273196,Medium,Clear,No,Van,-3,0,9,On-Time,0.42319223833274033,Long delivery distance
1035,2023-07-09,2023-07-14,2023-07-16,115.04646087685254,Medium,Clear,No,Van,2,1,7,Operational Issues,0.45921842806472984,No strong risk factors detected
1036,2023-06-24,2023-06-27,2023-06-29,88.30250862087216,Medium,Storm,No,Van,2,1,6,Weather Disruption,0.9247201637935484,Adverse weather conditions
1037,2023-02-20,2023-02-21,2023-02-21,491.10200332138834,Low,Clear,No,Truck,0,0,2,On-Time,0.3058721693674516,Long delivery distance
1038,2023-12-30,2024-01-03,2024-01-06,258.8013097442361,High,Clear,No,Truck,3,1,12,Traffic Congestion,0.8209103798923549,High traffic conditions
1039,2023-02-24,2023-03-01,2023-03-06,131.1537582403741,High,Clear,Yes,Van,5,1,2,Traffic Congestion,0.9825324914212242,"High traffic conditions, Warehouse processing delay"
1040,2023-09-01,2023-09-05,2023-09-06,498.13059617920425,High,Clear,No,Truck,1,1,9,Traffic Congestion,0.7977772983261765,"High traffic conditions, Long delivery distance"
1041,2023-11-16,2023-11-21,2023-11-24,482.744256293108,Low,Rain,Yes,Truck,3,1,11,Weather Disruption,0.9502183031302246,"Adverse weather conditions, Warehouse processing delay, Long delivery distance"
1042,2023-05-11,2023-05-16,2023-05-17,279.5884333499417,Low,Clear,No,Van,1,1,5,Operational Issues,0.38631512719451994,No strong risk factors detected
1043,2023-11-03,2023-11-06,2023-11-06,441.4355352514805,Medium,Clear,Yes,Truck,0,0,11,On-Time,0.8335513363078143,"Warehouse processing delay, Long delivery distance"
1044,2023-05-15,2023-05-20,2023-05-22,95.16484706234831,Medium,Clear,No,Van,2,1,5,Operational Issues,0.46231584293399436,No strong risk factors detected
1045,2023-01-21,2023-01-25,2023-01-28,140.15680494349877,Medium,Rain,No,Truck,3,1,1,Weather Disruption,0.7607569969051162,Adverse weather conditions
1046,2023-11-25,2023-11-30,2023-12-02,350.4785571564129,High,Clear,No,Truck,2,1,11,Traffic Congestion,0.8123027479404921,"High traffic conditions, Long delivery distance"
1047,2023-06-16,2023-06-19,2023-06-21,423.4839099769147,Low,Clear,No,Truck,2,1,6,Long Distance,0.3149473956132714,Long delivery distance
1048,2023-10-01,2023-10-04,2023-10-09,428.30582164716816,High,Rain,No,Truck,5,1,10,Traffic Congestion,0.9514939885155411,"High traffic conditions, Adverse weather conditions, Long delivery distance"
1049,2023-03-30,2023-04-03,2023-04-05,202.84955543397285,Medium,Rain,No,Van,2,1,3,Weather Disruption,0.7927460633767273,Adverse weather conditions
1050,2023-11-12,2023-11-14,2023-11-17,443.9972792817189,High,Clear,No,Truck,3,1,11,Traffic Congestion,0.8031980390773112,"High traffic conditions, Long delivery distance"
1051,2023-01-14,2023-01-16,2023-01-19,425.61329593498886,Low,Clear,Yes,Van,3,1,1,Warehouse Processing Delay,0.8387286276830737,"Warehouse processing delay, Long delivery distance"
1052,2023-08-30,2023-09-04,2023-09-04,467.8818621162528,Medium,Clear,No,Van,0,0,8,On-Time,0.40498673449272654,Long delivery distance
1053,2023-09-22,2023-09-23,2023-09-23,392.8849849058578,Medium,Clear,No,Bike,0,0,9,On-Time,0.36698041113863944,Long delivery distance
1054,2023-12-12,2023-12-17,2023-12-21,334.8251391024001,Low,Clear,No,Truck,4,1,12,Long Distance,0.32706321849087056,Long delivery distance
1055,2023-02-22,2023-02-26,2023-02-26,290.7626240967909,Low,Clear,No,Truck,0,0,2,On-Time,0.3331729041594657,No strong risk factors detected
1056,2023-12-06,2023-12-10,2023-12-12,186.7691005143098,High,Clear,Yes,Van,2,1,12,Traffic Congestion,0.9819238111533775,"High traffic conditions, Warehouse processing delay"
1057,2023-04-02,2023-04-06,2023-04-13,470.1265877864314,Medium,Clear,Yes,Truck,7,1,4,Warehouse Processing Delay,0.8310403022476639,"Warehouse processing delay, Long delivery distance"
1058,2023-09-21,2023-09-25,2023-09-27,486.8582545409033,Low,Storm,No,Van,2,1,9,Weather Disruption,0.8871751205159621,"Adverse weather conditions, Long delivery distance"
1059,2023-02-04,2023-02-08,2023-02-12,142.6765663939954,Medium,Rain,No,Van,4,1,2,Weather Disruption,0.7988767364427226,Adverse weather conditions
1060,2023-07-25,2023-07-28,2023-07-29,153.37656631185232,Medium,Clear,No,Van,1,1,7,Operational Issues,0.45325595841063326,No strong risk factors detected
1061,2023-03-22,2023-03-24,2023-03-26,243.32126303952708,Medium,Storm,No,Van,2,1,3,Weather Disruption,0.917668071599327,Adverse weather conditions
1062,2023-02-19,2023-02-23,2023-02-26,224.76364735013743,Low,Rain,Yes,Truck,3,1,2,Weather Disruption,0.9573363314656168,"Adverse weather conditions, Warehouse processing delay"
1063,2023-12-26,2023-12-27,2023-12-28,497.2342738427995,Low,Clear,No,Truck,1,1,12,Long Distance,0.30505639987041927,Long delivery distance
1064,2023-01-02,2023-01-03,2023-01-06,88.78670108599535,Low,Clear,No,Van,3,1,1,Operational Issues,0.41503506545537305,No strong risk factors detected
1065,2023-02-23,2023-02-24,2023-02-27,10.019606444144912,Medium,Clear,Yes,Bike,3,1,2,Warehouse Processing Delay,0.8696725122717973,Warehouse processing delay
1066,2023-04-16,2023-04-17,2023-04-21,247.45296387653383,Medium,Clear,No,Truck,4,1,4,Operational Issues,0.3844866980947736,No strong risk factors detected
1067,2023-09-17,2023-09-20,2023-09-21,90.23253190144308,Low,Rain,No,Bike,1,1,9,Weather Disruption,0.7327301336555788,Adverse weather conditions
1068,2023-11-06,2023-11-07,2023-11-11,183.8679235068471,High,Clear,No,Truck,4,1,11,Traffic Congestion,0.8277142283768909,High traffic conditions
1069,2023-07-10,2023-07-14,2023-07-14,372.3410910052246,Medium,Clear,No,Van,0,0,7,On-Time,0.41950103056620514,Long delivery distance
1070,2023-08-06,2023-08-11,2023-08-14,360.7490222018125,Low,Storm,No,Truck,3,1,8,Weather Disruption,0.8718309974790862,"Adverse weather conditions, Long delivery distance"
1071,2023-02-13,2023-02-14,2023-02-19,154.72233513434222,Low,Rain,No,Truck,5,1,2,Weather Disruption,0.7214239596710146,Adverse weather conditions
1072,2023-06-11,2023-06-14,2023-06-16,271.72757504689474,Low,Clear,No,Truck,2,1,6,Operational Issues,0.33582988669377295,No strong risk factors detected
1073,2023-07-21,2023-07-24,2023-07-31,254.89822434254123,High,Storm,No,Truck,7,1,7,Traffic Congestion,0.9849316229026573,"High traffic conditions, Adverse weather conditions"
1074,2023-09-27,2023-09-28,2023-10-02,318.5299764747618,Medium,Storm,No,Van,4,1,9,Weather Disruption,0.9140341898899367,"Adverse weather conditions, Long delivery distance"
1075,2023-12-17,2023-12-22,2023-12-24,125.98044748418648,Medium,Storm,Yes,Van,2,1,12,Weather Disruption,0.9908774630681065,"Adverse weather conditions, Warehouse processing delay"
1076,2023-10-31,2023-11-01,2023-11-01,295.34555293271137,Medium,Clear,Yes,Truck,0,0,10,On-Time,0.8458755422154445,Warehouse processing delay
1077,2023-09-28,2023-10-01,2023-10-04,489.46753627922953,Medium,Rain,Yes,Truck,3,1,9,Weather Disruption,0.9585523832847209,"Adverse weather conditions, Warehouse processing delay, Long delivery distance"
1078,2023-08-03,2023-08-05,2023-08-07,243.8843343267681,Medium,Clear,Yes,Van,2,1,8,Warehouse Processing Delay,0.8764153969093074,Warehouse processing delay
1079,2023-09-09,2023-09-13,2023-09-16,453.1432950715584,Low,Rain,Yes,Van,3,1,9,Weather Disruption,0.96051844755389,"Adverse weather conditions, Warehouse processing delay, Long delivery distance"
1080,2023-07-09,2023-07-12,2023-07-16,217.7627883897039,Medium,Storm,No,Van,4,1,7,Weather Disruption,0.9188708168296992,Adverse weather conditions
1081,2023-10-23,2023-10-24,2023-10-26,175.68912543964316,Low,Rain,No,Van,2,1,10,Weather Disruption,0.7617727968908841,Adverse weather conditions
1082,2023-08-01,2023-08-05,2023-08-06,322.9065776532519,Low,Rain,No,Truck,1,1,8,Weather Disruption,0.6997438985793227,"Adverse weather conditions, Long delivery distance"
1083,2023-07-27,2023-07-28,2023-07-31,334.7931057718867,Medium,Rain,No,Truck,3,1,7,Weather Disruption,0.7378435903882191,"Adverse weather conditions, Long delivery distance"
1084,2023-08-25,2023-08-26,2023-08-29,432.2196149708796,Low,Rain,No,Bike,3,1,8,Weather Disruption,0.6887069146194019,"Adverse weather conditions, Long delivery distance"
1085,2023-12-04,2023-12-06,2023-12-07,115.86244885253608,Low,Clear,No,Truck,1,1,12,Operational Issues,0.357966567651951,No strong risk factors detected
1086,2023-02-22,2023-02-26,2023-03-01,250.0974965624914,Medium,Clear,No,Truck,3,1,2,Operational Issues,0.3840943462024089,No strong risk factors detected
1087,2023-10-07,2023-10-11,2023-10-13,286.4300954053824,High,Clear,No,Truck,2,1,10,Traffic Congestion,0.8183492620062516,High traffic conditions
1088,2023-08-05,2023-08-07,2023-08-08,384.5084531388482,Low,Rain,No,Van,1,1,8,Weather Disruption,0.7372040029190906,"Adverse weather conditions, Long delivery distance"
1089,2023-09-09,2023-09-12,2023-09-13,22.75828210546244,Low,Clear,No,Van,1,1,9,Operational Issues,0.4251207417332108,No strong risk factors detected
1090,2023-07-07,2023-07-08,2023-07-10,497.2807048878732,Medium,Clear,No,Van,2,1,7,Long Distance,0.4005525195592891,Long delivery distance
1091,2023-02-10,2023-02-15,2023-02-18,235.5023124814805,High,Clear,No,Truck,3,1,2,Traffic Congestion,0.823048123925692,High traffic conditions
1092,2023-06-06,2023-06-07,2023-06-09,140.50061055658253,Medium,Clear,No,Truck,2,1,6,Operational Issues,0.40047542430558,No strong risk factors detected
1093,2023-01-15,2023-01-16,2023-01-17,441.8635171108632,Medium,Rain,No,Van,1,1,1,Weather Disruption,0.7670428608544253,"Adverse weather conditions, Long delivery distance"
1094,2023-10-28,2023-10-31,2023-11-01,374.1116681748096,Medium,Rain,No,Truck,1,1,10,Weather Disruption,0.7330468552231962,"Adverse weather conditions, Long delivery distance"
1095,2023-03-06,2023-03-07,2023-03-09,476.5828516649527,Low,Clear,Yes,Van,2,1,3,Warehouse Processing Delay,0.8343587356062306,"Warehouse processing delay, Long delivery distance"
1096,2023-12-11,2023-12-13,2023-12-16,166.04440203058633,High,Storm,No,Van,3,1,12,Traffic Congestion,0.9885666638543413,"High traffic conditions, Adverse weather conditions"
1097,2023-11-23,2023-11-25,2023-11-27,276.82971845090947,High,Clear,Yes,Truck,2,1,11,Traffic Congestion,0.9762100049268793,"High traffic conditions, Warehouse processing delay"
1098,2023-01-09,2023-01-13,2023-01-12,286.5739421162483,Low,Clear,No,Truck,-1,0,1,On-Time,0.33375667408040444,No strong risk factors detected
1099,2023-12-10,2023-12-15,2023-12-18,490.1854602743068,Low,Rain,No,Truck,3,1,12,Weather Disruption,0.6772558079977339,"Adverse weather conditions, Long delivery distance"
1100,2023-05-09,2023-05-10,2023-05-12,38.59778174705798,High,Clear,No,Bike,2,1,5,Traffic Congestion,0.8425265239567474,High traffic conditions
1001,2023-04-13,2023-04-17,2023-04-17,100.16,Low,Rain,No,Truck,0,0,4,On-Time,0.7282473305837656,Adverse weather conditions
1002,2023-12-15,2023-12-17,2023-12-18,3.76,Medium,Rain,No,Bike,1,1,12,Weather Disruption,0.7788375557628908,Adverse weather conditions
1003,2023-09-28,2023-10-01,2023-10-03,407.92,Low,Storm,No,Truck,2,1,9,Weather Disruption,0.8684894140026698,"Adverse weather conditions, Long delivery distance"
1004,2023-04-17,2023-04-18,2023-04-18,353.72,Medium,Clear,No,Truck,0,0,4,On-Time,0.3688437259858191,Long delivery distance
1005,2023-03-13,2023-03-18,2023-03-18,364.77,Low,Clear,No,Truck,0,0,3,On-Time,0.32294415056675624,Long delivery distance
1006,2023-07-08,2023-07-13,2023-07-15,385.86,Medium,Rain,Yes,Van,2,1,7,Weather Disruption,0.9686288787248694,"Adverse weather conditions, Warehouse processing delay, Long delivery distance"
1007,2023-01-21,2023-01-25,2023-01-26,37.95,Low,Rain,No,Bike,1,1,1,Weather Disruption,0.7391010585114468,Adverse weather conditions
1008,2023-04-13,2023-04-15,2023-04-17,179.87,High,Rain,Yes,Truck,2,1,4,Traffic Congestion,0.9952047033599454,"High traffic conditions, Adverse weather conditions, Warehouse processing delay"
1009,2023-05-02,2023-05-03,2023-05-03,58.82,Low,Rain,No,Van,0,0,5,On-Time,0.7748154260805804,Adverse weather conditions
1010,2023-08-03,2023-08-05,2023-08-06,431.69,Low,Rain,No,Truck,1,1,8,Weather Disruption,0.6852203694142824,"Adverse weather conditions, Long delivery distance"
1011,2023-11-27,2023-11-28,2023-11-28,312.03,Low,Clear,No,Truck,0,0,11,On-Time,0.330216821151236,Long delivery distance
1012,2023-03-29,2023-04-02,2023-04-03,166.12,High,Clear,No,Truck,1,1,3,Traffic Congestion,0.8292954154657252,High traffic conditions
1013,2023-04-10,2023-04-14,2023-04-17,32.72,High,Clear,Yes,Bike,3,1,4,Traffic Congestion,0.9798466021966807,"High traffic conditions, Warehouse processing delay"
1014,2023-12-26,2023-12-31,2023-12-31,156.18,Low,Clear,No,Truck,0,0,12,On-Time,0.3521775360281204,No strong risk factors detected
1015,2023-06-01,2023-06-03,2023-06-05,163.27,Medium,Clear,Yes,Truck,2,1,6,Warehouse Processing Delay,0.8563657838062955,Warehouse processing delay
1016,2023-05-11,2023-05-16,2023-05-18,365.07,High,Clear,No,Van,2,1,5,Traffic Congestion,0.8428949888545683,"High traffic conditions, Long delivery distance"
1017,2023-05-30,2023-06-01,2023-06-01,319.14,Medium,Clear,No,Van,0,0,5,On-Time,0.42764570590855844,Long delivery distance
1018,2023-11-05,2023-11-10,2023-11-11,443.72,Medium,Clear,No,Truck,1,1,11,Long Distance,0.3558061715075132,Long delivery distance
1019,2023-09-15,2023-09-18,2023-09-19,236.64,Low,Clear,Yes,Truck,1,1,9,Warehouse Processing Delay,0.8239376984024247,Warehouse processing delay
1020,2023-12-10,2023-12-13,2023-12-14,60.68,Low,Clear,Yes,Van,1,1,12,Warehouse Processing Delay,0.8673380250364057,Warehouse processing delay
1021,2023-10-21,2023-10-24,2023-10-25,356.91,High,Clear,No,Truck,1,1,10,Traffic Congestion,0.8116871143598935,"High traffic conditions, Long delivery distance"
1022,2023-07-11,2023-07-14,2023-07-17,380.63,High,Rain,No,Van,3,1,7,Traffic Congestion,0.9619577985595523,"High traffic conditions, Adverse weather conditions, Long delivery distance"
1023,2023-10-04,2023-10-05,2023-10-06,281.08,Medium,Clear,No,Van,1,1,10,Operational Issues,0.4334968269745147,No strong risk factors detected
1024,2023-06-10,2023-06-13,2023-06-13,385.71,Low,Clear,No,Truck,0,0,6,On-Time,0.3200799380416532,Long delivery distance
1025,2023-11-10,2023-11-14,2023-11-15,247.4,Low,Clear,Yes,Truck,1,1,11,Warehouse Processing Delay,0.8229568250894028,Warehouse processing delay
1026,2023-01-22,2023-01-26,2023-01-29,261.84,Medium,Rain,Yes,Truck,3,1,1,Weather Disruption,0.9638662118498357,"Adverse weather conditions, Warehouse processing delay"
1027,2023-09-10,2023-09-11,2023-09-12,214.34,High,Clear,No,Van,1,1,9,Traffic Congestion,0.8550090622751814,High traffic conditions
1028,2023-08-24,2023-08-27,2023-08-30,13.68,High,Rain,No,Truck,3,1,8,Traffic Congestion,0.9621787911353938,"High traffic conditions, Adverse weather conditions"
1029,2023-12-11,2023-12-14,2023-12-15,54.84,Medium,Clear,No,Truck,1,1,12,Operational Issues,0.41343760962666704,No strong risk factors detected
1030,2023-02-18,2023-02-21,2023-02-21,16.68,Medium,Clear,No,Bike,0,0,2,On-Time,0.4232857442035793,No strong risk factors detected
1031,2023-02-28,2023-03-05,2023-03-07,318.57,Low,Clear,Yes,Truck,2,1,2,Warehouse Processing Delay,0.8163608936460379,"Warehouse processing delay, Long delivery distance"
1032,2023-06-19,2023-06-21,2023-06-21,157.86,Low,Clear,No,Truck,0,0,6,On-Time,0.35193723778136754,No strong risk factors detected
1033,2023-07-07,2023-07-12,2023-07-16,254.78,High,Rain,Yes,Truck,4,1,7,Traffic Congestion,0.9949752478672108,"High traffic conditions, Adverse weather conditions, Warehouse processing delay"
1034,2023-09-28,2023-09-30,2023-10-01,453.88,Medium,Rain,No,Truck,1,1,9,Weather Disruption,0.7231456269653482,"Adverse weather conditions, Long delivery distance"
1035,2023-07-09,2023-07-12,2023-07-16,125.4,Low,Storm,Yes,Van,4,1,7,Weather Disruption,0.9889262433570005,"Adverse weather conditions, Warehouse processing delay"
1036,2023-06-24,2023-06-27,2023-06-27,205.78,Low,Clear,No,Truck,0,0,6,On-Time,0.34511494984990815,No strong risk factors detected
1037,2023-02-20,2023-02-25,2023-02-25,378.02,Medium,Clear,No,Truck,0,0,2,On-Time,0.36530374047259184,Long delivery distance
1038,2023-12-30,2024-01-04,2024-01-05,115.17,Low,Rain,Yes,Truck,1,1,12,Weather Disruption,0.960056494964667,"Adverse weather conditions, Warehouse processing delay"
1039,2023-02-24,2023-02-26,2023-02-26,39.41,Low,Clear,No,Van,0,0,2,On-Time,0.42257100139941584,No strong risk factors detected
1040,2023-09-01,2023-09-05,2023-09-06,145.59,Medium,Clear,No,Van,1,1,9,Operational Issues,0.4544661751661252,No strong risk factors detected
1041,2023-11-16,2023-11-18,2023-11-19,81.45,Medium,Clear,Yes,Van,1,1,11,Warehouse Processing Delay,0.8870309628496508,Warehouse processing delay
1042,2023-05-11,2023-05-16,2023-05-18,464.92,Medium,Clear,Yes,Truck,2,1,5,Warehouse Processing Delay,0.8314982123639983,"Warehouse processing delay, Long delivery distance"
1043,2023-11-03,2023-11-08,2023-11-10,404.25,Low,Storm,No,Truck,2,1,11,Weather Disruption,0.8687520258589645,"Adverse weather conditions, Long delivery distance"
1044,2023-05-15,2023-05-16,2023-05-17,317.07,Medium,Rain,No,Van,1,1,5,Weather Disruption,0.7807321373737743,"Adverse weather conditions, Long delivery distance"
1045,2023-01-21,2023-01-26,2023-01-26,435.86,Low,Rain,No,Van,0,0,1,On-Time,0.730918453336935,"Adverse weather conditions, Long delivery distance"
1046,2023-11-25,2023-11-26,2023-11-26,402.03,Low,Clear,No,Truck,0,0,11,On-Time,0.3178570113484426,Long delivery distance
1047,2023-06-16,2023-06-20,2023-06-20,94.1,Medium,Clear,No,Truck,0,0,6,On-Time,0.4074807212347018,No strong risk factors detected
1048,2023-10-01,2023-10-03,2023-10-03,446.39,Medium,Clear,No,Truck,0,0,10,On-Time,0.35542252813818215,Long delivery distance
1049,2023-03-30,2023-04-01,2023-04-02,270.13,High,Clear,No,Van,1,1,3,Traffic Congestion,0.8506182820036025,High traffic conditions
1050,2023-11-12,2023-11-13,2023-11-13,403.91,Medium,Clear,No,Truck,0,0,11,On-Time,0.36154808878038297,Long delivery distance
1051,2023-01-14,2023-01-16,2023-01-17,448.15,Medium,Rain,No,Truck,1,1,1,Weather Disruption,0.7238643715469797,"Adverse weather conditions, Long delivery distance"
1052,2023-08-30,2023-09-04,2023-09-05,159.68,Low,Rain,No,Truck,1,1,8,Weather Disruption,0.7207987848108242,Adverse weather conditions
1053,2023-09-22,2023-09-25,2023-09-25,55.92,Low,Clear,No,Truck,0,0,9,On-Time,0.3666501554583993,No strong risk factors detected
1054,2023-12-12,2023-12-13,2023-12-16,114.74,Low,Storm,No,Truck,3,1,12,Weather Disruption,0.8881023096948599,Adverse weather conditions
1055,2023-02-22,2023-02-24,2023-02-25,214.13,Low,Rain,No,Truck,1,1,2,Weather Disruption,0.7138762619765187,Adverse weather conditions
1056,2023-12-06,2023-12-07,2023-12-08,409.19,High,Clear,No,Truck,1,1,12,Traffic Congestion,0.8066251795525816,"High traffic conditions, Long delivery distance"
1057,2023-04-02,2023-04-03,2023-04-05,430.5,Low,Rain,Yes,Van,2,1,4,Weather Disruption,0.9610533729879933,"Adverse weather conditions, Warehouse processing delay, Long delivery distance"
1058,2023-09-21,2023-09-24,2023-09-26,4.47,High,Clear,No,Bike,2,1,9,Traffic Congestion,0.8453449214317837,High traffic conditions
1059,2023-02-04,2023-02-09,2023-02-09,255.86,Medium,Clear,No,Truck,0,0,2,On-Time,0.38323992441399635,No strong risk factors detected
1060,2023-07-25,2023-07-26,2023-07-26,209.29,Medium,Clear,No,Truck,0,0,7,On-Time,0.3901651968470626,No strong risk factors detected
1061,2023-03-22,2023-03-24,2023-03-26,111.83,Medium,Rain,No,Truck,2,1,3,Weather Disruption,0.763974773960301,Adverse weather conditions
1062,2023-02-19,2023-02-23,2023-02-24,60.81,Medium,Clear,No,Truck,1,1,2,Operational Issues,0.4125301054292467,No strong risk factors detected
1063,2023-12-26,2023-12-27,2023-12-27,169.47,Medium,Clear,No,Truck,0,0,12,On-Time,0.3961221384691908,No strong risk factors detected
1064,2023-01-02,2023-01-03,2023-01-03,471.51,Low,Clear,No,Truck,0,0,1,On-Time,0.30848662380275654,Long delivery distance
1065,2023-02-23,2023-02-26,2023-02-26,162.28,Medium,Clear,No,Truck,0,0,2,On-Time,0.3972010880320123,No strong risk factors detected
1066,2023-04-16,2023-04-21,2023-04-21,259.88,Low,Rain,No,Truck,0,0,4,On-Time,0.7079810139138736,Adverse weather conditions
1067,2023-09-17,2023-09-21,2023-09-22,351.81,Low,Rain,Yes,Van,1,1,9,Weather Disruption,0.9628587713183245,"Adverse weather conditions, Warehouse processing delay, Long delivery distance"
1068,2023-11-06,2023-11-08,2023-11-08,182.45,Medium,Clear,No,Truck,0,0,11,On-Time,0.39417689113268856,No strong risk factors detected
1069,2023-07-10,2023-07-14,2023-07-14,485.92,Low,Clear,No,Van,0,0,7,On-Time,0.35612905968405456,Long delivery distance
1070,2023-08-06,2023-08-08,2023-08-10,481.26,High,Clear,No,Truck,2,1,8,Traffic Congestion,0.7994785298343905,"High traffic conditions, Long delivery distance"
1071,2023-02-13,2023-02-18,2023-02-21,126.64,High,Clear,Yes,Van,3,1,2,Traffic Congestion,0.9825809995483843,"High traffic conditions, Warehouse processing delay"
1072,2023-06-11,2023-06-13,2023-06-14,249.13,High,Clear,No,Van,1,1,6,Traffic Congestion,0.8522837492049012,High traffic conditions
1073,2023-07-21,2023-07-24,2023-07-23,151.14,Low,Clear,No,Truck,-1,0,7,On-Time,0.35289887947176274,No strong risk factors detected
1074,2023-09-27,2023-09-30,2023-10-01,143.14,Low,Clear,Yes,Van,1,1,9,Warehouse Processing Delay,0.8612748665448127,Warehouse processing delay
1075,2023-12-17,2023-12-20,2023-12-24,19.41,High,Rain,Yes,Bike,4,1,12,Traffic Congestion,0.9957325921049427,"High traffic conditions, Adverse weather conditions, Warehouse processing delay"
1076,2023-10-31,2023-11-03,2023-11-05,305.17,Medium,Rain,Yes,Van,2,1,10,Weather Disruption,0.9701303978524526,"Adverse weather conditions, Warehouse processing delay, Long delivery distance"
1077,2023-09-28,2023-10-02,2023-10-03,251.84,High,Clear,No,Truck,1,1,9,Traffic Congestion,0.8215512054747229,High traffic conditions
1078,2023-08-03,2023-08-08,2023-08-09,26.69,High,Clear,No,Bike,1,1,8,Traffic Congestion,0.8435146262025535,High traffic conditions
1079,2023-09-09,2023-09-11,2023-09-13,140.04,High,Rain,No,Truck,2,1,9,Traffic Congestion,0.9591875014082589,"High traffic conditions, Adverse weather conditions"
1080,2023-07-09,2023-07-11,2023-07-11,454.22,Low,Clear,No,Truck,0,0,7,On-Time,0.31080413390323486,Long delivery distance
1081,2023-10-23,2023-10-26,2023-10-26,120.54,Low,Rain,No,Truck,0,0,10,On-Time,0.72571097063473,Adverse weather conditions
1082,2023-08-01,2023-08-04,2023-08-05,73.3,High,Rain,No,Van,1,1,8,Traffic Congestion,0.9684150779518844,"High traffic conditions, Adverse weather conditions"
1083,2023-07-27,2023-07-28,2023-07-29,245.24,Low,Clear,Yes,Truck,1,1,7,Warehouse Processing Delay,0.8231540725090883,Warehouse processing delay
1084,2023-08-25,2023-08-30,2023-08-30,492.84,Low,Clear,No,Truck,0,0,8,On-Time,0.30564084159256544,Long delivery distance
1085,2023-12-04,2023-12-08,2023-12-08,121.79,Medium,Rain,No,Van,0,0,12,On-Time,0.8009727672047174,Adverse weather conditions
1086,2023-02-22,2023-02-24,2023-02-26,336.4,High,Clear,No,Van,2,1,2,Traffic Congestion,0.8452609195866551,"High traffic conditions, Long delivery distance"
1087,2023-10-07,2023-10-08,2023-10-08,381.05,Medium,Clear,No,Van,0,0,10,On-Time,0.4181718082649152,Long delivery distance
1088,2023-08-05,2023-08-06,2023-08-09,119.58,Medium,Storm,No,Truck,3,1,8,Weather Disruption,0.9059052374785143,Adverse weather conditions
1089,2023-09-09,2023-09-11,2023-09-11,364.38,Low,Clear,No,Truck,0,0,9,On-Time,0.3229976225947244,Long delivery distance
1090,2023-07-07,2023-07-11,2023-07-11,184.52,Medium,Clear,No,Truck,0,0,7,On-Time,0.3938669787275437,No strong risk factors detected
1091,2023-02-10,2023-02-11,2023-02-12,316.52,High,Rain,No,Van,1,1,2,Traffic Congestion,0.9634018755114648,"High traffic conditions, Adverse weather conditions, Long delivery distance"
1092,2023-06-06,2023-06-07,2023-06-07,317.13,Low,Clear,No,Van,0,0,6,On-Time,0.38074955040114605,Long delivery distance
1093,2023-01-15,2023-01-20,2023-01-20,268.35,Medium,Clear,No,Van,0,0,1,On-Time,0.43545809205689673,No strong risk factors detected
1094,2023-10-28,2023-11-01,2023-11-05,46.05,High,Storm,Yes,Bike,4,1,10,Traffic Congestion,0.9985440849608459,"High traffic conditions, Adverse weather conditions, Warehouse processing delay"
1095,2023-03-06,2023-03-07,2023-03-08,417.82,Medium,Clear,No,Truck,1,1,3,Long Distance,0.3595372102386084,Long delivery distance
1096,2023-12-11,2023-12-15,2023-12-17,161.07,Medium,Storm,No,Truck,2,1,12,Weather Disruption,0.9036640988664172,Adverse weather conditions
1097,2023-11-23,2023-11-25,2023-11-29,94.07,Medium,Storm,Yes,Van,4,1,11,Weather Disruption,0.9910565651579967,"Adverse weather conditions, Warehouse processing delay"
1098,2023-01-09,2023-01-12,2023-01-12,21.35,Low,Clear,No,Truck,0,0,1,On-Time,0.37169823711969074,No strong risk factors detected
1099,2023-12-10,2023-12-11,2023-12-12,295.86,Low,Clear,Yes,Truck,1,1,12,Warehouse Processing Delay,0.8184860771371512,Warehouse processing delay
1100,2023-05-09,2023-05-14,2023-05-15,339.1,High,Clear,No,Truck,1,1,5,Traffic Congestion,0.8133881381608828,"High traffic conditions, Long delivery distance"
